painter_name,painter_country,painter_birth,painter_death,painter_description,painter_image,painter_hash
莱昂纳多·达·芬奇,意大利,1452,1519,"莱昂纳多·达·芬奇（1452-1519），是与拉斐尔，米开朗基罗齐名的意大利文艺复兴三杰之一，也是整个欧洲文艺复兴时期最完美的代表。莱昂纳多·达·芬奇是一位思想深邃，学识渊博、多才多艺的画家、寓言家、雕塑家、发明家、哲学家、音乐家、医学家、生物学家、地理学家、建筑工程师和军事工程师。

莱昂纳多·达·芬奇是一位天才，他一面热心于艺术创作和理论研究，研究如何用线条与立体造型去表现形体的各种问题；另一方面他也同时研究自然科学，为了真实感人的艺术形象，达芬奇广泛地研究与绘画有关的光学、数学、地质学、生物学等多种学科。他的艺术实践和科学探索精神对后代产生了重大而深远的影响。这位奇才对各个领域的知识几乎是无师自通，是人类历史上绝无仅有的全才。

莱昂纳多·达·芬奇最大的成就是绘画，他的杰作《蒙娜丽莎》《抱银鼠的女子》《卢克雷齐亚·克里韦利》和《最后的晚餐》，体现了他精湛的艺术造诣；他还擅长雕刻、音乐，通晓数学、生理、物理、天文、地质等科，既多才多艺，又勤奋多产，保存下来的手稿大约有6000页。达芬奇认为自然中最美的研究对象是人体，人体是大自然的奇妙之作品，画家应以人为绘画对象的核心。世界上什么东西最难画那就是人，而他却是人类历史上唯一一位人物肖像画作和照相机拍的照片几乎一样的画家。

在意大利佛罗伦萨附近的海滨小镇---芬奇镇，有一个叫安奇亚诺的小村庄。1452年4月15日，伟大的画家莱昂纳多·达·芬奇就在这个美丽的地方降临人世。达·芬奇的父亲皮耶罗·达·芬奇是佛罗伦萨有名的公证人，家庭很富有。

达·芬奇的童年是在祖父的田庄里度过的。孩子时代的达·芬奇聪明伶俐，勤奋好学，兴趣广泛。他歌唱得很好，很早就学会弹七弦琴和吹奏长笛。他的即兴演唱，不论歌词还是曲调，都让人惊叹。他尤其喜爱绘画，常为邻里们作画，有“绘画神童”的美称。

韦罗基奥的作坊是当时佛罗伦萨著名的艺术中心，经常有意大利人文主义者在这里聚会，讨论学术问题。在这里，达·芬奇结识了一大批知名的艺术家、科学家和人文主义者，开始接受人文主义的熏陶。 在20岁时达·芬奇已有很高的艺术造诣，他用画笔和雕刻刀去表现大自然和现实生活的真、善、美，热情歌颂人生的幸福和大自然的美妙。

达·芬奇的父亲皮耶罗·达·芬奇确信儿子有绘画天赋，便将14岁的小达·芬奇送往佛罗伦萨，师从著名的艺术家韦罗基奥（Andrea del Verrocchio 1435-1488），开始系统地学习造型艺术。

我们现在比较熟悉的达·芬奇形象基本上来自于他那幅著名的自画像，所以一提起莱昂纳多·达·芬奇，我们总是想到一个哲学家般的睿智长者。其实，达·芬奇年轻时代可是意大利佛罗伦萨闻名遐迩的美男子呢（不过因为他对女人没兴趣，所以当时关于他是同性恋的传闻满天飞）！他的老师韦罗基奥雕塑的那俊美非凡的青铜大卫像据说就是以年轻的达·芬奇为模特。达·芬奇艺术生涯发展得最顺利的时期是在1482--1499年的米兰。达·芬奇的七弦琴拉得不错，他首先是作为一个音乐家而不是画家或者发明家出现在米兰出名的。这期间他的绘画作品不多，但其无与伦比的才能却极受米兰大公卢多维科·斯福尔扎的青睐。

1499年为躲避战乱达·芬奇在曼图亚和威尼斯等地旅游并进行一些科学研究。1500年达·芬奇回到佛罗伦萨并开始创作《蒙娜丽莎》。这之后达·芬奇再去米兰，并继续服务于米兰宫廷。1513 年移居罗马，罗马对于列昂纳多来说并不是很讨人喜欢的地方。他在那里做了短暂的停留，见到了米开朗基罗和其他当时在罗马的艺术家，但并没有显露他任何的艺术天才。他在那里基本上是研究一些类似于魔法的小把戏，以至于罗马人当他是巫师一类的人物。1515年达·芬奇移居法国，最后定居昂布瓦斯。

莱昂纳多·达·芬奇晚年极少作画，潜心科学研究，去世时留下大量笔记手稿，内容从物理、数学到生物解剖，几乎无所不包。他一生完成的绘画作品并不多，但件件都是不朽之作。其作品具有明显的个人风格，并善于将艺术创作和科学探讨结合起来，这在世界美术史上是独一无二的。学术界一般将其创作活动分为早期和盛期两个阶段",https://www.youhuadaquan.org/artist-photo/318.jpg,1
文森特·威廉·梵高,荷兰,1853,1890,"文森特·威廉·梵高（Vincent Willem van Gogh，1853－1890），中文又称凡高，凡高是一位荷兰后印象派画家。1853年3月30日生于津德尔特，早期因为表达内心的悲痛，曾割断了自己的耳朵。1890年7月29日在美丽的法国瓦兹河畔因困扰其多年的精神病发作自杀身亡，时年他才37岁。

梵高的作品多采用点彩画法，画面色彩强烈，色调明亮。他是表现主义的先驱，他的作品在20世纪对艺术有深远的影响，尤其是野兽派与德国表现主义。梵高的作品，如《星夜》、《向日葵》与《有乌鸦的麦田》等，现已跻身于全球最具名、广为人知与昂贵的艺术作品的行列。

凡高的作品多采用点彩画法，画面色彩强烈，色调明亮。后来受到革新文艺思潮的推动和日本绘画的启发，大胆的探索、自由地反悔内心感情的风格，追求线条和色彩自身的表现力，追求画面的平面感、装饰性和寓意性。梵高的作品中包含着深刻的悲剧意识，强烈的个性和形式上的独特追求，一切形式都在激烈的精神支配下跳跃和扭动。

梵高在世时作品并不被世人接受，画家本人也命途多舛，不仅作品不被世人欣赏，一生穷困潦倒，在爱情上也没有得到心爱的人的眷顾。直到去世8年后，梵高才作为一位极具个性化的画家崭露头角，只是此时，梵高已不知魂归何处。

凡高的作品对西方20世纪的绘画艺术有深远的影响。法国的野兽主义、德国的表现主义以及20世纪初出现的抒情抽象主义等，都从他的主体在创作过程中的作用、自由抒发内心感情、意识和把握形式的相对独立价值、在油画创作中吸收和撷取东方绘画因素等方面，得到启发，形成了各自不同的绘画流派。梵高摒弃了一切后天习得的知识，漠视学院派珍视的教条，甚至忘记自己的理性。在他的眼中，只有生机盎然的自然景观，他陶醉于其中，物我两忘。他视天地万物为不可分割的整体，他用全部身心，拥抱一切。",https://www.youhuadaquan.org/artist-photo/163.jpg,2
埃德加·德加,法国,1834,1917,埃德加·德加是一位法国画家 1834-1917。,https://www.youhuadaquan.org/artist-photo/76.jpg,3
威廉·阿道夫·布格罗,法国,1825,1905,与欧洲古典音乐史上的那个和巴赫（Johann Sebastian Bach) 同时代，但生前名声却要比巴赫大得多的泰勒曼（Georg Philipp Telemann）一样，西方美术史上的不少画家虽也有一些起落，但很少有像阿道夫·威廉·布格罗William-Adolphe Bouguereau那样经历了如此戏剧性的变化，当时虽然大多数人认为他代表了传统和优雅精致的风格，但在其他人看来，他似乎更像一个被过去困住的技师。法国画家、雕塑家埃德加·德加Edgar Degas （1834-1917）和他的同事使用术语“Bouguereauté”以贬抑的方式描述布格罗的所有艺术作品都倚赖于“光滑的、人造的”（“slick and artificial surfaces”）。,"https://dss0.baidu.com/6ONWsjip0QIZ8tyhnq/it/u=294525474,3682678032&fm=179&app=42&f=JPEG?w=121&h=140&s=BE028D4FAE7C3015378E20220300B053",4
米开朗基罗·梅里西·德·卡拉瓦乔,意大利,1573,1610,"米开朗基罗·梅里西·德·卡拉瓦乔（Michelangelo Merisi da Caravaggio，1571—1610），意大利16世纪末至17世纪初的一位著名的画家。出生在北意大利伦巴底省的卡拉瓦乔村，因此人们称他卡拉瓦乔。父亲是庄园主家管事，早年去世，11岁的卡拉瓦乔移居米兰，师从于自称为提香弟子的西蒙·彼得查诺，他是当地样式主义的代表画家。继承了意大利北部现实主义民俗画的传统，并受到威尼斯画派的影响。在米兰期间，卡拉瓦乔肯定看过达·芬奇的《最后的晚餐》，无疑熟悉文艺复兴时期大师们的艺术他的艺术生涯是在意大利文艺复兴盛期的诸大师相继逝世后开始的。1593年到1610年间活跃于罗马、那不勒斯、马耳他和西西里。卡拉瓦乔通常被认为属于巴洛克画派，对巴洛克画派的形成有重要影响。

卡拉瓦乔生活贫困，与劳动者为伴，性格暴躁、孤傲寡合、狂放不羁，很难与人相处，这种个性使他处于流浪作画境地，在一次争斗中因误杀了对手而被迫离开罗马到那不勒斯过着流浪的生活，他到处与不理解他的人发生矛盾冲突，常因斗殴受到法庭审判，坐牢、逃跑、作画，使他永远处于社会底层，，正因如此，他对底层劳苦大众的生活和形象更加熟悉，观察理解更加深刻，这为他革新传统艺术，创造新艺术形象，使普通平凡的劳动者走进神圣的艺术殿堂提供了难得的生活基础，为他开创了一个艺术的新纪元。

以卡拉瓦乔为首的那波里画派（也称卡拉瓦乔画派），兴起于意大利南部的那波里地区，曾受到了尼德兰绘画的影响，它反对学院派僵化的教条和巴洛克美术夸张的浮华；追求朴素、清新、直接面对自然的表现方式；以单纯、强烈的明暗，严谨、结实的轮廓，以前所未有的朴实无华的作风为15--16世纪文艺复兴时期的人文主义绘画向17世纪现实主义绘画的转型起到了关键而重要的作用，对同时代的西班牙、法国、荷兰以及19世纪的现实主义美术思潮都有着深远影响。

虽然卡拉瓦乔在世时声名显赫，死后的几个世纪里却被人们完全遗忘了，只是在20世纪的最近几十年才被重新发现。尽管他影响了风格主义衰亡后几乎所有的艺术风格，但对新兴的巴洛克艺术才是真正影响深远的。安德烈·贝恩-若夫鲁瓦（保罗·瓦乐希的秘书）评论道：“坦率地说，卡拉瓦乔的工作标志着现代绘画的开始。”",https://www.youhuadaquan.org/artist-photo/58.jpg,5
萨尔瓦多·达利,西班牙,1904,1989,"萨尔瓦多·多明哥·菲利普·哈辛托·达利-多梅内克，普波尔侯爵（西班牙语：Salvador Domingo Felipe Jacinto Dali i Domenech, Marqués de Púbol，1904年5月11日－1989年1月23日），一般简称萨尔瓦多·达利（Salvador Dalí），是著名的西班牙加泰罗尼亚画家，因为其超现实主义作品而闻名。达利是一位具有非凡才能和想象力的艺术家，他的作品把怪异梦境般的形象与卓越的绘图技术和受文艺复兴大师影响的绘画技巧令人惊奇地混合在一起。
在1982年西班牙国王胡安·卡洛斯一世封他为普波尔侯爵，与毕加索、马蒂斯一起被认为是二十世纪最有代表性的三个画家。","https://bkimg.cdn.bcebos.com/pic/d0c8a786c9177f3e45b45e0073cf3bc79f3d563e?x-bce-process=image/resize,m_lfit,w_268,limit_1/format,f_jpg",6
马克·夏加尔,俄罗斯,1887,1985,"马克·夏加尔（1887-1985）生于俄国，早年的犹太人习俗是他根深蒂固的想象之源。俄罗斯裔法国画家、版画家和设计师。他的作品依靠内在诗意力量而非绘画逻辑规则把来自个人经验的意象与形式上的象征和美学因素结合到一起。

马克·夏加尔生于俄国西部的小城捷布克斯。他的父亲是一个普通的工人，一心想把儿子培养成一个有学问的拉比。因此，夏加尔16岁以前一直在犹太经学院中学习犹太经典。但他从小就对绘画有特殊的兴趣，并表现出敏锐的观察力。当他母亲注意到这一点后，就果断地让他去学画。在学了几个月后，他发现他的老师不如他画得好，就离开家乡到圣彼得堡去学习。后又去巴黎等地观察，与同行交流，最后终于成为一代大师。他的画主要是表现俄国犹太人的生活，他本人也一直与犹太文化和宗教保持着密切的联系。他说：“如果我还是一个犹太人的话，那么我就决不会成为一个画家，可能成为一个和今天的我完全不同的人……我在生活中的唯一要求不是努力接近伦勃朗、戈莱丁、丁托利克以及其他的世界艺术大师，而是努力接近我父辈和祖辈的精神”。

马克·夏加尔在法国艺术的影响下，新的巴克斯特画室声誉鹊起。它具有现代艺术的光辉，并和法国保持着接触。夏加尔进入这家画室，受到深刻的震动。1914年,他决定应纽约现代艺术馆的邀请去美国。他痛苦地关注着在欧洲发生的事件，在因自己种族的痛苦和自由受到威胁而发生的呐喊声中，他的画风大变。1944年9月，其妻帕拉·夏加尔去世。于是，对过去的和更遥远的时期的强烈回忆贯穿了他的作品，使画家如同画中的一个人物，并以异乎寻常的熟巧超越了生活。他完成了从1937年就开始创作的名为《在她周围》的大型作品。它成为以回忆帕拉为中心的全部他所喜爱的题材的综合体。1945年，夏加尔创作了斯特拉文斯基的芭蕾舞《火鸟》的背景、幕布和服装。1947年，他回到法国定居，从1949年起，他住在旺斯，拿出过去的草稿，开始创作一系列新的油画，让巴黎的景色充满神奇的回忆。夏加尔对于当代艺术的贡献显得愈来愈重要。1941年，研究超现实主义创始人的安德烈·布雷东指出：从1911年起，他的艺术便推翻了形貌成分和规律的障碍。1985年3月28日，夏加尔在法国滨海阿尔卑斯圣保罗去世。",https://www.youhuadaquan.org/artist-photo/64.jpg,7
亨利·马蒂斯,法国,1869,1954,"亨利·马蒂斯（亨利·埃米尔·贝努瓦·马蒂斯）出生在法国北部-加来海峡诺尔省勒卡托康布雷西，是一位富裕粮食商人的长子，他的爸爸经营药店和种子贸易的生意，并期望亨利·马蒂斯将来能接管家族生意。

马蒂斯在法国皮卡第博安昂韦尔芒多瓦长大后，却决定于1887年去巴黎学习法律，毕业后回家乡作为一名地方法院行政官。他在得阑尾炎生病期间，第一次开始作画，并发现了其中的乐趣“如同在天堂里”，于是立志成为一个艺术家，但却令他的父亲十分失望。1891年，他回到巴黎，在朱里安学院学习绘画，成为布格罗和莫罗的学生。他一开始先绘画静态生物及风景，并已基本精通。让·巴蒂斯·西美翁·夏尔丹、尼古拉·普桑及让-安东尼·华托等更早期的画家都对马蒂斯的风格造成影响，但近代的艺术风格如爱德华·马奈和日本艺术也为他所吸收。其中夏尔丹更是让马蒂斯仰慕的艺术家，马蒂斯在卢浮宫临摹了夏尔丹的四幅画像。于1896及1897年，马蒂斯去拜访一位澳大利亚艺术家约翰·彼得·罗素，当时这艺术家住在布列塔尼半岛离岸的贝勒岛，更向他介绍印象派和当时寂寂无名的梵高的画作，因梵高曾经是罗素的朋友。马蒂斯的风格顷刻改变，他在未来更说：“罗素是我的老师，他向我解释什么是色彩理论”。

在20世纪初的艺术界发动了一次划时代的革命。他在作品中使用更抽象和更加浓烈的色彩，使世人相信颜色不仅可以描绘物体，更能够表达感情。简约粗犷的形体塑造、凝练的色彩运用震惊了艺术界，艺术评论家称其为“野兽派”。马蒂斯是20世纪现代艺术中最受瞩目的画家之一。

马蒂斯早年从事法律事务，23岁改学绘画，曾入朱利安美术学院师从布格罗，尔后进象征主义画家莫罗的画室。莫罗对色彩的主观见解对马蒂斯影响很大，莫罗认为“美的色调不可能从抄袭自然中获得，绘画的色彩必须依靠思索、想像和梦幻才能获得”。在他离开学校后又受西涅克的点彩派影响，同时吸收凡·高和高更所长，借鉴黑人雕塑和东方装饰艺术，表现出对传统艺术的彻底决裂。作品中体现了野兽派的美学观念：即大胆的色彩、简练的造型、和谐一致的构图以及强烈的装饰性，形成了他独特的画风——那就是世人熟悉的画面简洁、清晰，省略了多余的细节，以单纯的线条和色彩构成画面艺术形象。

1908年马蒂斯公开表明了自己的艺术观念，他说：奴隶式的再现自然色彩的选择不是基于科学，我没有先入之见的运用颜色，色彩完全本能地向我涌来。他还说过：我所梦想的艺术，充满着平衡、纯洁、静穆，没有令人不安、引人注目的题材。一种艺术对每个精神劳动者是一种平息的手段,一种精神慰藉手段熨平他的心灵；对于他们意味着从日常辛劳和工作里获得宁静。他称这种艺术为安乐椅式的艺术。

在野兽派销声匿迹以后，马蒂斯仍继续他的艺术探索。他为了研究人体借助于雕塑，他一生创作了大约70件雕塑作品。在20年代之前曾采用各种自由手法创造一种新的绘画空间，还经历了短暂的立体主义时期，但他从未出现支离破碎的物象，他通过研究如何将物体几何化、简化。他在不改变观点的前提下，将大块的鲜明色彩作抽象的安排，达到既富有装饰性又具有空间深度的效果。

晚年的马蒂斯通过彩色剪纸来试验色彩关系。他的艺术达到极其简练，带有平面装饰性。然而他的伟大之处正在于超越狭小的装饰天地,从而创造了“大装饰艺术”的概念。",https://www.youhuadaquan.org/artist-photo/236.jpg,8
保罗·塞尚,法国,1839,1906,"保罗·塞尚（Paul Cezanne，1839-1906）法国著名画家，是后期印象派的主将，从19世纪末便被推崇为“新艺术之父”，作为现代艺术的先驱，西方现代画家称他为“现代艺术之父”或“现代绘画之父”。他对物体体积感的追求和表现，为“立体派”开启了思路；塞尚重视色彩视觉的真实性，其“客观地”观察自然色彩的独特性大大区别于以往的“理智地”或“主观地”观察自然色彩的画家。

保罗·塞尚在埃克斯出生和辞世，是祖籍皮埃蒙特的小工匠、小商人的子孙。他先在小学和圣约瑟夫学校就读，由于父亲交了好运,从帽店老板变成银行经理，他被送入中学学习。1858年，保罗带着坚实的基础知识，完整的宗教信仰以及对同学米尔·左拉的真挚友谊从中学毕业，通过了文科毕业会考，并按照父亲的意愿，进入了大学法学院。

1859年,他父亲在埃克斯附近购下维拉尔侯爵在十七世纪建造的热德布芳花园，带着妻子、儿子，两个女儿在那里避暑。保罗在别墅中安排了自己的第一间画室。

虽然塞尚曾受到当时占绘画主流地位的印象派的影响，对光线照射到不同质地表面上的效果有所光住，但他始终坚持对物体结构和实体感的关注，并于1877年放弃了印象主义。塞尚早期大多以写实的手法，真实且疑难的情景作为绘画的题材。晚年画风有所改变，留下了多幅温和，光明并富含古典注意庄严气息的风景及景物画。

他的作品大都是他自己艺术思想的体现，表现出结实的几何体感，忽略物体的质感及造型的准确性，强调厚重、沉稳的体积感，物体之间的整体关系。有时候甚至为了寻求各种关系的和谐而放弃个体的独立和真实性。

从塞尚开始，西方画家从追求真实地描画自然，开始转向表现自我，并开始出现形形色色的形式主义流派，形成现代绘画的潮流。塞尚这种追求形式美感的艺术方法，为后来出现的现代油画流派提供了引导，所以，其晚年为许多热衷于现代艺术的画家们所推崇，并尊称他为“现代艺术之父”。毕生追求表现形式，对运用色彩、造型有新的创造，被称为“现代绘画之父”。

在可以被当成二十世纪探索绘画先知的十九世纪画家中，从成就和影响来说，最有意义的乃是塞尚。他是一个很少为人理解的孤独者。他终生奋斗不息，为用颜料来表现他的艺术本质的观念而斗争。这些观念扎根于西方绘画的伟大传统之中，在包容性方面，甚至属于艺术中最革命的观念之列。在塞尚之前漫长的艺术发展史中，所有的画家都把注意力放在再现客观对象上，而画家本人却做了模 仿自然的奴隶。但塞尚则放弃了传统的艺术观念和法则，完全依靠自己独立的观察进行创作，有意识的地将注意力转向表现自己的主观世界，通过概括和取舍，从结构的观点来描绘对象。正是由于塞尚这种绘画的主观性改变了整个西方艺术的进程，对他以后的艺术家产生了观念上的震撼，这种震撼导致了艺术思想的全面解放。可以说，现代艺术起始于塞尚。",https://www.youhuadaquan.org/artist-photo/62.jpg,9
雷内·马格里特,比利时,1898,1967,没有哪位画家能像雷内·马格里特那样如此成功地展现潜在人们内心深处的梦的世界。他那神秘莫测的想像国竟能洞穿人的潜意识，激发我们去探寻心灵的奥秘。他那富于寓意、迷一样内敛隐晦的画作，足以让生活在21世纪的人们深省。,https://www.youhuadaquan.org/artist-photo/229.jpg,10
赵佶,中国,1082,1135,"宋徽宗赵佶（1082年6月7日-1135年6月4日），号宣和主人，宋朝第八位皇帝（1100年2月23日-1126年1月18日在位），书画家。宋神宗第十一子、宋哲宗之弟。先后被封为遂宁王、端王。 [1]  哲宗于元符三年（1100年）正月病逝时无子，太后向氏于同月立赵佶为帝，次年改年号“建中靖国”。
宋徽宗即位之后启用新法，但是宋徽宗重用的蔡京等打着绍述新法的旗号，无恶不作，政治形势一落千丈。过分追求奢侈生活，在南方采办“花石纲”，在汴京修建“艮岳”。宋徽宗尊信道教，大建宫观，自称“教主道君皇帝”， [1]  并经常请道士看相算。重和元年（1118年），置道官二十六等、道职八等。宣和三年（1121年），令三京置女道录、副道录各一员，始立道学制度。在宋徽宗集团的腐朽统治下，内部农民起义风起云涌，梁山起义和方腊起义先后爆发，北宋统治危机四伏。
但是宋徽宗在艺术上的造诣极高。宋徽宗对绘画的爱好十分真挚，他利用皇权推动绘画，使宋代的绘画艺术有了空前发展。 [2]  他还自创一种书法字体被后人称之为“瘦金体”，他热爱画花鸟画自成“院体”。是古代少有的艺术型皇帝。
靖康元年（1126年），金军兵临城下，受李纲之言，禅让给太子赵桓，靖康二年（1127年）三月，与钦宗赵桓被金人掳去。金天会十三年（1135年）死于五国城，时年54岁。 [3]  南宋绍兴十二年（1142年）三月，棺椁被迎回南宋，葬于绍兴永佑陵。
概述图片为《宋徽宗坐像轴》，现藏于台北故宫博物院。 [4]","https://bkimg.cdn.bcebos.com/pic/50da81cb39dbb6fd5d5615640e24ab18972b3766?x-bce-process=image/resize,m_lfit,w_268,limit_1/format,f_jpg",11
顾恺之,中国,348,409,"顾恺之（348年－409年），字长康，小字虎头，汉族，晋陵无锡人（今江苏省无锡市）。东晋杰出画家、绘画理论家、诗人。因为他有对文学和绘画方面有很高的成就，于是人们称他为画绝、文绝和痴绝。
顾恺之博学多才，擅诗赋、书法，尤善绘画。精于人像、佛像、禽兽、山水等，时人称之为三绝：画绝、文绝和痴绝。谢安深重之，以为苍生以来未之有。顾恺之与曹不兴、陆探微、张僧繇合称“六朝四大家”。顾恺之作画，意在传神，其“迁想妙得” “以形写神”等论点，为中国传统绘画的发展奠定了基础。 [1]","https://bkimg.cdn.bcebos.com/pic/9345d688d43f8794a4c24b85535319f41bd5ad6e8c4a?x-bce-process=image/watermark,image_d2F0ZXIvYmFpa2U5Mg==,g_7,xp_5,yp_5",12
马远,中国,1140,1225,"马远（1140年－1225年），字遥父，号钦山，祖籍河中（今山西永济），生长于临安（今浙江杭州），南宋绘画大师。 [1] 
出身绘画世家，南宋宋光宗、宋宁宗两朝画院待诏。擅画山水、人物、花鸟，山水取法李唐，笔力劲利阔略，皴法硬朗，树叶常用夹叶，树干浓重，多横斜之态。楼阁界画精工，且加衬染。喜作边角小景，世称“马一角”。人物勾描自然，花鸟常以山水为景，情意相交，生趣盎然。与李唐、刘松年、夏圭并称“南宋四家”。存世作品有《踏歌图》《水图》《梅石溪凫图》《西园雅集图》等。 [2]","https://bkimg.cdn.bcebos.com/pic/5ab5c9ea15ce36d3914ca53f38f33a87e950b170?x-bce-process=image/resize,m_lfit,w_268,limit_1/format,f_jpg",13
李迪,中国,1162,1224,李迪，南宋画家，河阳（今河南省孟州市）人，北宋宣和时为画院成忠郎，南宋绍兴时复职为画院副使，历事宋孝宗、宋光宗、宋宁宗三朝（1162年—1224年），活跃于宫廷画院几十年，画多艺精，颇负盛名。工花鸟竹石、鹰鹘犬猫、耕牛山鸡，长于写生，间作山水小景。构思精妙，功力深湛，雄伟处动人心魄。所作《枫鹰雉鸡图》温柔娇嫩可爱，《鸡雏图》形象生动超拔，刻画细致入微，各具神态。山水师李唐法，亦多佳作。论者谓其画鸠“作寒冷状，精俊如生”；画鹡鸰“翘翘欲起”。,"https://bkimg.cdn.bcebos.com/pic/0bd162d9f2d3572c04beb9888813632762d0c301?x-bce-process=image/resize,m_lfit,w_268,limit_1/format,f_jpg",14
董邦达,中国,1696,1769,董邦达（1696－1769），清代官员、书画家。字孚存、争存，号东山、非闻，浙江富阳人。雍正十一年进士，乾隆二年授编修，官终礼部尚书，谥文恪。好书、画，篆、隶得古法，山水取法元人，善用枯笔。其风格在娄东、虞山派之间。与董源、董其昌并称“三董”。,"https://bkimg.cdn.bcebos.com/pic/72f082025aafa40f21997b4aac64034f79f019cd?x-bce-process=image/resize,m_lfit,w_268,limit_1/format,f_jpg",15
邹一桂,中国,1686,1772,邹一桂（1686年－1772年）清代官员，画家。字原褒，号小山，又号让卿，晚号二知老人，江苏无锡人。雍正五年二甲第一名进士，授翰林院编修。历官云南道监察御史、贵州学政、太常寺少卿、大理寺卿、礼部侍郎，官至内阁学士。擅画花卉，学恽寿平画法，风格清秀。曾作《百花卷》，每种赋诗，一经进呈，皇上亦赐题绝句百篇，一桂复写一卷，恭录御制于每种之前，而书己作于后，藏于家。著有《小山画谱》、《大雅续稿》。,"https://bkimg.cdn.bcebos.com/pic/2cf5e0fe9925bc311440664c5edf8db1ca1370c0?x-bce-process=image/resize,m_lfit,w_268,limit_1/format,f_jpg",16
赵孟頫,中国,1254,1322,"赵孟頫（1254年10月20日 [1]  －1322年7月30日 [1]  ），字子昂，汉族，号松雪道人 [2]  ，又号水晶宫道人（一说水精宫道人 [3]  ）、鸥波，中年曾署孟俯，吴兴（今浙江省湖州市）人，原籍婺州兰溪 [4]  。南宋晚期至元朝初期官员、书法家、画家、诗人，宋太祖赵匡胤十一世孙、秦王赵德芳嫡派子孙。
至元二十三年（1286年），赵孟頫被行台侍御史程钜夫举荐，赶赴北京，受元世祖、武宗、仁宗、英宗四朝礼敬。历任集贤直学士、济南路总管府事、江浙等处儒学提举、翰林侍读学士等职，累官翰林学士承旨、荣禄大夫。晚年逐渐隐退，延祐六年（1319年）借病乞归。至治二年（1322年），赵孟頫逝世，年六十九。获赠江浙中书省平章政事、魏国公，谥号“文敏”，故称“赵文敏”。著有《松雪斋文集》等。
赵孟頫博学多才，能诗善文，通经济之学，工书法，精绘艺，擅金石，通律吕，解鉴赏，尤其以书法和绘画的成就最高。在绘画上，他开创元代新画风，被称为“元人冠冕”；赵孟頫亦善篆、隶、真、行、草书，尤以楷、行书著称于世。其书风遒媚、秀逸，结体严整、笔法圆熟，创“赵体”书，与欧阳询、颜真卿、柳公权并称“楷书四大家”。","https://bkimg.cdn.bcebos.com/pic/574e9258d109b3de9c820a0b7ef77b81800a19d8e635?x-bce-process=image/resize,m_lfit,w_268,limit_1/format,f_jpg",17
徐渭,中国,1521,1593,"徐渭（1521年3月12日－1593年），汉族，绍兴府山阴（今浙江绍兴）人。初字文清，后改字文长，号青藤老人、青藤道士、天池生、天池山人、天池渔隐、金垒、 金回山人、山阴布衣、白鹇山人、鹅鼻山侬、田丹水、田水月（一作水田月 [1]  ）。明代中期文学家、书画家、戏曲家、军事家。 [2] 
徐渭曾担任胡宗宪幕僚，助其擒徐海、诱汪直。胡宗宪被下狱后，徐渭在忧惧发狂之下自杀九次却不死。后因杀继妻被下狱论死，被囚七年后，得张元忭等好友救免。此后南游金陵，北走上谷，纵观边塞阨塞，常慷慨悲歌。晚年贫病交加，藏书数千卷也被变卖殆尽，他自称“南腔北调人”，于万历二十一年（1593年）去世，年七十三 [3-4]  。
徐渭多才多艺，在诗文、戏剧、书画等各方面都独树一帜，与解缙、杨慎并称“明代三才子”。他是中国“泼墨大写意画派”创始人、“青藤画派”之鼻祖，其画能吸取前人精华而脱胎换骨，不求形似求神似，山水、人物、花鸟、竹石无所不工，以花卉最为出色，开创了一代画风，对后世画坛（如八大山人、石涛、扬州八怪等）影响极大；书善行草，写过大量诗文，被誉为“有明一代才人”；能操琴，谙音律；爱戏曲，所著《南词叙录》为中国第一部关于南戏的理论专著。另有杂剧《四声猿》、《歌代啸》及文集传世。","https://bkimg.cdn.bcebos.com/pic/72f082025aafa40fcaeb9701af64034f78f01938?x-bce-process=image/resize,m_lfit,w_268,limit_1/format,f_jpg",18
黄慎,中国,1687,1772,"黄慎（1687年6月14日—1772年），福建宁化人，初名盛，字恭寿，恭懋，躬懋、菊壮，号瘿瓢子，别号东海布衣。家贫，遂学画，擅长人物、山水、花鸟。他的人物画题材十分广泛和丰富，它不仅画神仙佛道和历史名人，也擅长从民间生活中取材，塑造了纤夫 、乞丐、流氓、渔民等下层人民的形象，这在古代的画家当中是十分难得的。康熙间至扬州卖画，人争客之。是中国清代杰出书画家，为“扬州八怪”之一。与郑燮友善。擅草书，后以狂草笔法作画。亦能诗。有《蛟湖诗钞》。 [1] 
黄慎14岁时，父亲客死湖南，两妹相继夭折，家境十分穷困，为生计，母亲命其学画，为人写真。16岁时，离家从师，他勤奋苦学，悉心钻研，画艺日进。","https://bkimg.cdn.bcebos.com/pic/f703738da9773912947c678ef2198618377ae283?x-bce-process=image/resize,m_lfit,w_268,limit_1/format,f_jpg",19
赵之谦,中国,1829,1884,"赵之谦（1829年8月8日 [1]  －1884年11月18日 [2]  ），汉族，浙江会稽（今绍兴）人。 [3]  初字益甫，号冷君；后改字撝（huī）叔，号悲庵、梅庵、无闷等。清代著名书画家、篆刻家，与吴昌硕、厉良玉并称“新浙派”的三位代表人物，与任伯年、吴昌硕并称“清末三大画家”。 [4-5] 
赵之谦从青年时代起，就刻苦致力于经学、文字训诂和金石考据之学，取得了相当的成就。尤精书画、篆刻。赵之谦善于向前人和同时代各派名家学习，同时又不囿前人，勇于创新。 [3]  在绘画上，他是“海上画派”的先驱人物，其以书、印入画所开创的“金石画风”，对近代写意花卉的发展产生了巨大的影响；在书法上，他是清代碑学理论的最有力实践者，其魏碑体书风的形成，使得碑派技法体系进一步趋向完善，从而成为有清一代第一位在正、行、篆、隶诸体上真正全面学碑的典范；在篆刻上，他在前人的基础上广为取法，融会贯通，以“印外求印”的手段创造性地继承了邓石如以来“印从书出”的创作模式，开辟了一个前所未有的新境界。
赵之谦的篆刻成就巨大，对后世影响深远。近代的吴昌硕、齐白石等画家都从他处受惠良多。著有《六朝别字记》、《悲庵居士文存》等，又有篆刻《二金蝶堂印存》。 [3]","https://bkimg.cdn.bcebos.com/pic/0dd7912397dda14406bbe2b3b4b7d0a20cf48605?x-bce-process=image/resize,m_lfit,w_268,limit_1/format,f_jpg",20
王翬,中国,1632,1717,王翚（1632年4月10日─1717年11月15日），字石谷，号耕烟散人、剑门樵客、乌目山人、清晖老人等。江南省苏州府常熟人(今江苏常熟)。清代著名画家，被称为“清初画圣”。与王鉴、王时敏、王原祁合称山水画家“四王”，论画主张“以元人笔墨，运宋人丘壑，而泽以唐人气韵。”,"https://bkimg.cdn.bcebos.com/pic/d439b6003af33a876c3de76fc05c10385343b577?x-bce-process=image/resize,m_lfit,w_268,limit_1/format,f_jpg",21
吕纪,中国,1429,1505,"吕纪（1429～1505），字廷振，号乐愚，鄞（今浙江宁波）人。明代画家。
好绘画，擅花鸟，近学边景昭，远师南宋画院体格，始致其妙。弘治年间，与林良等以画应征入宫，供事仁智殿，官锦衣卫指挥使衔。擅画凤凰、仙鹤、孔雀、鸳鸯，工笔勾勒与水墨写意俱能，设色明丽，气韵生动。画面辅以花树泉石，点染烟润，清新有致。间作山水人物，笔法严谨，自然入妙，为院体花鸟画代表作家之一。于画中寓规谏意，得明孝宗赏识。 [1] 
有《鹰雀图》、《桂菊山禽图》、《竹禽双雉图》、《雪景翎毛图》、《雪岸双鸿图》、《秋鹭芙蓉图》、《浴凫图》等传世。 [1]","https://bkimg.cdn.bcebos.com/pic/b812c8fcc3cec3fda88de33dd088d43f869427c2?x-bce-process=image/resize,m_lfit,w_268,limit_1/format,f_jpg",22
李昭道,中国,675,758,李昭道（675年－758年），字希俊，陇西成纪 （今甘肃省秦安县）人。唐朝宗室、画家，唐太祖李虎六世孙，彭国公李思训之子。曾作《秦王独猎图》。画作有《海岸图》《摘瓜图》等六件，著录于《宣和画谱》。传世作品有《春山行旅图》轴，图录于《故宫名画三百种》《明皇幸蜀图》卷，现藏台北故宫博物院。,https://baike.baidu.com/pic/%E6%9D%8E%E6%98%AD%E9%81%93/2061715/0/9f510fb30f2442a70ad7c4ead843ad4bd01302a7?fr=lemma&ct=single,23
董源,中国,934,962,董源 （934-约 962 ），又名董元，字叔达，江西钟陵（进贤县）人。五代绘画大师，南派山水画开山鼻祖。存世作品有《夏景山口待渡图》《潇湘图》《夏山图》《溪岸图》《平林霁色图卷》等。,https://baike.baidu.com/pic/%E8%91%A3%E6%BA%90/35436/0/e824b899a9014c089df434a6087b02087af4f4e2?fr=lemma&ct=single,24
黄筌,中国,903,965,黄筌（约903年—965年），字要叔，成都（今四川成都）人。五代时西蜀画院的宫廷画家，历仕前蜀、后蜀，官至检校户部尚书兼御史大夫，北宋时，任太子左赞善大夫。,https://baike.baidu.com/pic/%E9%BB%84%E7%AD%8C/1817099/0/48540923dd54564e464e1c40b1de9c82d1584fa4?fr=lemma&ct=single,25
顾闳中,中国,910,980,顾闳中（910～980），江南人，五代十国中南唐人物画家，曾任南唐画院待诏，用笔圆劲，间以方笔转折，设色浓丽，擅描摹人物神情意态，与周文矩齐名，唯一传世作品为《韩熙载夜宴图》。,https://baike.baidu.com/pic/%E9%A1%BE%E9%97%B3%E4%B8%AD/1602006/0/9f510fb30f2442a7a702af1cd243ad4bd113027e?fr=lemma&ct=single,26
扬无咎,中国,1097,1171,杨无咎（1097年～1171年）字补之，杨一作扬，一说名补之，字无咎。自号逃禅老人、清夷长者、紫阳居士。临江清江（今江西樟树市）人，寓居洪州南昌。绘画尤擅墨梅。水墨人物画师法李公麟。书学欧阳询，笔势劲利。今存《逃禅词》一卷，词多题画之作，风格婉丽。生平事迹见《宋史翼》卷三六。,https://baike.baidu.com/pic/%E6%9D%A8%E6%97%A0%E5%92%8E/30902/0/4034970a304e251fca5680e3a086c9177f3e5303?fr=lemma&ct=single,27
李公麟,中国,1040,1106,李公麟（1040～1106），北宋时期舒州人，字伯时，号龙眠居士，北宋著名画家，有“独步中国画坛”、“宋画第一”等美誉。神宗熙宁三年进士，历泗州录事参军，以陆佃荐，为中书门下后省删定官、御史检法。李公麟在舒城的遗迹有春秋山读书堂、洗墨池，龙眠山龙眠山庄，县城有旋源馆，龙眠书院等。神宗熙宁三年进士，历泗州录事参军，以陆佃荐，为中书门下后省删定官、御史检法。,https://baike.baidu.com/pic/%E6%9D%8E%E5%85%AC%E9%BA%9F/940134/1/29752a9bd31b2bf9c9eaf4ca?fr=lemma&ct=single,28
王诜,中国,1048,1104,王诜[shēn]（公元约1048年—公元约1104年），字晋卿，太原（今山西太原）人，后迁汴京（今河南开封） [1]  ，北宋画家。,https://baike.baidu.com/pic/%E7%8E%8B%E8%AF%9C/2416137/0/7787b9efda8df95cfcfa3c45?fr=lemma&ct=single,29
赵伯驹,中国,1120,1182,赵伯驹（约1120年—约1182年），字千里，汴京（今河南开封）人。南宋著名画家。宋朝宗室，宋太祖七世孙。宋室南渡后流寓钱塘（今浙江杭州），后以画扇为宋高宗赵构赏识并予召见，曾官至浙东兵马钤辖。工画山水、花果、翎毛，笔致秀丽，尤长金碧山水。远师李思训父子，笔法纤细，直如牛毛，极细丽巧整的风致，建南宋画院的新帜。,https://baike.baidu.com/pic/%E8%B5%B5%E4%BC%AF%E9%A9%B9/2505853/0/9358d109b3de9c82065d02936e81800a19d843f6?fr=lemma&ct=single,30
王希孟,中国,1096,1119,"王希孟（1096年 [1]  —1119年[据传]），北宋晚期著名画家，中国绘画史上仅有的以一张画而名垂千古的天才少年。然而史书中没有他的记载。
王希孟十多岁入宫中“画学”为生徒，初未甚工。宋徽宗赵佶时系图画院学生，后召入禁中文书库，曾奉事徽宗左右，宋徽宗慧眼独具，认为：“其性可教”，于是亲授其法。王希孟经赵佶亲授指点笔墨技法，艺精进，画遂超越矩度。
徽宗政和三年（1113年）四月，王希孟用了半年时间终于绘成名垂千古之鸿篇杰作《千里江山图》卷，时年仅十八岁。",https://baike.baidu.com/pic/%E7%8E%8B%E5%B8%8C%E5%AD%9F/2416872/1/80cb39dbb6fd5266c6bdcd08a918972bd4073613?fr=lemma&ct=single,31
郭熙,中国,1000,1090,"郭熙（约1000～约1090年），北宋杰出画家、绘画理论家。字淳夫，河阳府温县（今属河南）人。他出身平民，早年信奉道教，游于方外，以画闻名。熙宁元年召入画院，后任翰林待诏直长。山水师法李成，山石创为状如卷云的皴笔，后人称为“卷云皴”。 [1]  他画山水注重深入体察生活，能真实、细致、微妙地表现出不同地区、季节、气候的特点，得“远近浅深，四时朝暮，风雨明晦之不同”，创造出极其丰富优美动人的意境，另外他还长于影塑，在墙壁上用泥堆塑浮雕式的山水，别具情趣。
郭熙有《早春图》、《关山春雪图》、《窠石平远图》、《幽谷图》、《古木遥山图》等传世。其中《早春图》成功地表现出冬去春来、大地复苏、万物甦醒的细致季节变化。在绘画理论上郭熙亦有很高建树，其理论集中反映在他的《林泉高致》一书中。",https://baike.baidu.com/pic/%E9%83%AD%E7%86%99/35934/0/0df431adcbef7609f50218812cdda3cc7cd99ea7?fr=lemma&ct=single,32
张先,中国,990,1078,"张先（990—1078），字子野，乌程（今浙江湖州）人。北宋词人。婉约派代表人物。天圣八年（公元1030）进士。历任宿州掾、吴江知县、嘉禾（今浙江嘉兴）判官。皇祐二年（1050），晏殊知永兴军（今陕西西安），辟为通判。后以屯田员外郎知渝州，又知虢州。以尝知安陆，故人称“张安陆”。治平元年（1064）以尚书都官郎中致仕，元丰元年病逝，年八十八岁。
张先“能诗及乐府，至老不衰”（《石林诗话》卷下）。其词内容大多反映士大夫的诗酒生活和男女之情，对都市社会生活也有所反映，语言工巧。",https://baike.baidu.com/pic/%E5%BC%A0%E5%85%88/6924/0/962bd40735fae6cdef73d3640db30f2443a70feb,33
张择端,中国,1085,1145,"张择端，字正道，汉族，琅琊东武（今山东诸城）人，居住于东京（今河南开封），北宋绘画大师。宣和年间任翰林待诏，擅画楼观、屋宇、林木、人物。所作风俗画市肆、桥梁、街道、城郭刻画细致，界画精确，豆人寸马，形象如生自幼好学，早年游学汴京(今河南开封)，后习绘画。
宋徽宗时供职翰林图画院，专攻界画宫室，尤擅绘舟车、市肆、桥梁、街道、城郭。后“以失位家居，卖画为生，写有《西湖争标图》、《清明上河图》”。存世作品有《清明上河图》、《金明池争标图》等，皆为我国古代的艺术珍品。",https://baike.baidu.com/pic/%E5%BC%A0%E6%8B%A9%E7%AB%AF/530609/0/242dd42a2834349b90d5ec2fc3ea15ce37d3be4d,34
崔白,中国,1004,1088,崔白（1004-1088），字子西，濠州（今安徽凤阳）人，北宋画家。崔白是开始发挥写生精神的画家，其无前人的画稿可临摹或参考，但其依靠超越前人的观察研究及描绘能力，探索花木鸟兽的生意，摆脱花鸟属装饰图案的遗影，开创新的发展方向。其擅花竹、翎毛，亦长于佛道壁画，画佛道鬼神、山水、人物亦精妙绝伦，尤长于写生。所画鹅、蝉、雀堪称三绝，手法细致，形象真实，生动传神，富于逸情野趣。一改百余年墨守成规的花鸟画风（指“黄筌画派”），成为北宋画坛的革新主将，数百年来颇受画坛尊崇。,https://baike.baidu.com/pic/%E5%B4%94%E7%99%BD/1421734/0/cdbf6c81800a19d806f05d0235fa828ba71e46c2,35
米友仁,中国,1074,1153,米友仁（1074年—1153年），一名尹仁，字元晖，小名寅哥、鳌儿，晚号懒拙老人，山西太原人，定居润州（今江苏镇江）。宋朝画家，系北宋画家米芾长子，世称“小米”。,https://baike.baidu.com/pic/%E7%B1%B3%E5%8F%8B%E4%BB%81/2420452/1/faf2b2119313b07e6d2ad8140ed7912397dd8c13?fr=lemma&ct=single,36
李唐,中国,1066,1150,李唐（1066—1150），南宋画家。字晞古，河阳三城（今河南孟州）人。初以卖画为生， 宋徽宗赵佶时入画院。南渡后以成忠郎衔任画院待诏。擅长山水、人物。变荆浩、范宽之法，苍劲古朴，气势雄壮，开南宋水墨苍劲、浑厚一派先河。晚年去繁就简，用笔峭劲，创“大斧劈”皴，所画石质坚硬，立体感强，画水尤得势，有盘涡动荡之趣。兼工人物，初师李公麟，后衣褶变为方折劲硬，自成风格。并以画牛著称。与刘松年、马远、夏圭并称“南宋四大家”。存世作品有《万壑松风图》《清溪渔隐图》《烟寺松风》《采薇图》等。,https://baike.baidu.com/pic/%E6%9D%8E%E5%94%90/7606123/0/8718367adab44aedcb59a3b0b11c8701a18bfb4b?fr=lemma&ct=single,37
赵伯骕,中国,1124,1182,赵伯骕（1124—1182），字希远，汴京（今河南开封）人，南宋著名画家，宋朝宗室，著名画家赵伯驹之弟。兄弟皆妙于金碧山水。除山水、人物外，擅长花鸟，界画亦精。传世作品有《五金阙图》《番骑猎归图》等。,https://baike.baidu.com/pic/%E8%B5%B5%E4%BC%AF%E9%AA%95/3494798/0/cdbf6c81800a19d860307f1931fa828ba61e46ff?fr=lemma&ct=single,38
刘松年,中国,1131,1218,"刘松年 （约1131-1218），号清波，南宋画家，历孝宗、光宗、宁宗三朝，浙江省金华市汤溪镇宅口人。刘松年与刘龟年兄弟随父亲宦居钱塘清波门，以住地自号刘清波，因清波门又称南“暗门”，故外号宋“暗门刘”。
刘松年工山水人物，山水皴法受李唐影响，画风笔精墨妙，变雄健为典雅，水墨青绿兼工，着色妍丽典雅，常画西湖，多写茂林修竹，山明水秀之西湖胜景，因题材多园林小景，人称“小景山水”。",https://baike.baidu.com/pic/%E5%88%98%E6%9D%BE%E5%B9%B4/26138/0/f2deb48f8c5494ee0890a8e427f5e0fe98257e99?fr=lemma&ct=single,39
李嵩,中国,1166,1243,"李嵩（1166—1243），中国南宋画家，钱塘（今浙江杭州）人。少年时曾为木工，后成为画院画家李从训的养子，绘画上得其亲授，擅长人物、道释，尤精于界画，为光宗、宁宗、理宗（1190一1264）时期画院待诏。 [1] 
李嵩画过许多表现下层社会生活的风俗画，及表现农民劳动生活的《春溪渡牛图》、《春社图》和组画《服田图》等。传至今日的《货郎图》是李嵩传世的重要作品。他以货郎为题材，创作过多幅货郎图。除故宫博物院藏的一幅横卷外，余皆为小幅，分别藏于台北故宫博物院、美国堪萨斯州阿肯博物馆的尼尔逊美术馆及美国纽约大都会美术馆。 [1] 
李嵩具有多方面才能，尤其善于通过绘画，表达自己对生活的感受和态度，他的《夜湖图》、《水殿招凉图》，《观潮图》、《西湖图》、《仙山瑶涛图》，《骷髅幻戏图》、《观灯图》、《柳塘聚禽图》、《花篮图》等，都显示出他卓越的绘画技巧。其中《骷髅幻戏图》则以其不易被人理解的深刻的寓意，为美术史留下了一个画谜。",https://baike.baidu.com/pic/%E6%9D%8E%E5%B5%A9/27023/0/a1ec08fa513d26977bce330e57fbb2fb4316d847?fr=lemma&ct=single,40
赵孟坚,中国,1199,1264,"赵孟坚（1199年－1264年），中国南宋画家。生于庆元五年（1199），卒于景定五年（1264），一说卒于咸淳三年（1267）。字子固，号彝斋；宋宗室，为宋太祖十一世孙，汉族，海盐广陈（今嘉兴平湖广陈）人。
曾任湖州掾、转运司幕、诸暨知县、提辖左帑。工诗善文，家富收藏，擅梅、兰、竹、石，尤精白描水仙；其画多用水墨，用笔劲利流畅，淡墨微染，风格秀雅，深得文人推崇。
有书法墨迹《自书诗卷》，绘画《墨兰图》《水仙图》、《岁寒三友图》等传世，著《彝斋文编》4卷。",https://baike.baidu.com/pic/%E8%B5%B5%E5%AD%9F%E5%9D%9A/2505740/1/32fa828ba61ea8d363da5309950a304e241f58c6?fr=lemma&ct=single,41
钱选,中国,1239,1299,"钱选（1239—1299），宋末元初著名画家，与赵孟頫等合称为“吴兴八俊”。字舜举，号玉潭，又号巽峰，霅川翁，别号清癯老人、川翁、习懒翁等，湖州（今浙江吴兴）人。
南宋景定三年乡贡进士，入元不仕。工诗，善书画。画学极杂：山水师从赵令穰；人物师从李公麟；花鸟师赵昌；青绿山水师赵伯驹。人品及画品皆称誉当时。继承苏轼等人的文人画理论，提倡士气说，倡导戾家画。他提倡绘画中的“士气”，在画上题写诗文或跋语，萌芽了诗、书、画紧密结合的文人画的鲜明特色。",https://baike.baidu.com/pic/%E9%92%B1%E9%80%89/4099573/0/b999a9014c086e065adfdc3b00087bf40ad1cb4f?fr=lemma&ct=single,42
吴镇,中国,1280,1354,"吴镇（1280年-1354年），字仲圭，号梅花道人，浙江嘉兴人。元代著名画家、书法家、诗人。
擅画山水、梅花、竹石，与黄公望、倪瓒、王蒙合称“元四家”。
早年村塾教书，从柳天骥研习“天人性命之学”，隐居，卖卜为生。山水师法董源、巨然，兼取马远、夏圭，干湿笔互用，尤擅带湿点苔。水墨苍莽，淋漓雄厚。喜作渔父图，有清旷野逸之趣。墨竹宗文同，格调简率遒劲。精书法，工诗文。 [1] 
作品有《渔父图》《双桧平远图》《洞庭渔隐图》《芦花寒雁图》等。",https://baike.baidu.com/pic/%E5%90%B4%E9%95%87/15320/0/48540923dd54564ed63a8367bede9c82d1584f14?fr=lemma&ct=single,43
倪瓒,中国,1301,1374,"倪瓒（1301年－1374年），初名倪珽，字泰宇，别字元镇，号云林子、荆蛮民、幻霞子，江苏无锡人，元末明初画家、诗人。
擅画山水和墨竹，师法董源，受赵孟頫影响。早年画风清润，晚年变法，平淡天真。疏林坡岸，幽秀旷逸，笔简意远，惜墨如金。以侧锋干笔作皴，名为“折带皴”。墨竹偃仰有姿，寥寥数笔，逸气横生。书法从隶书入，有晋人风度，亦擅诗文。洪武七年卒，时年七十四岁。
倪瓒与黄公望、王蒙、吴镇合称“元四家”。倪瓒家中富有，博学好古，四方名士常至其门。元顺帝至正初年，散尽家财，浪迹太湖。存世作品有《渔庄秋霁图》《六君子图》《容膝斋图》《清閟阁集》。",https://baike.baidu.com/pic/%E5%80%AA%E7%93%92/1457379/0/b151f8198618367adab43961af3b9cd4b31c87014f7c?fr=lemma&ct=single,44
朱德润,中国,1294,1365,"朱德润（公元1294年～公元1365年），元代著名画家、诗人。字泽民，号睢阳山人，又号旹杰。归德府（今河南商丘睢阳区）人。 [1]  曾任国史院编修、镇东行中书省儒学提举等职。他得到了当时的刑部尚书、画坛巨匠高克恭和艺术大师赵孟頫的推崇，可见其艺术成就甚高。
他善诗文，工书法，格调遒丽。擅山水，初学许道宁，后法郭熙，多作溪山平远、林木清森之景，重视观察自然，当北游居庸关时，尝作“画笔记行稿”。",https://baike.baidu.com/pic/%E6%9C%B1%E5%BE%B7%E6%B6%A6/2095463/0/f636afc379310a55745cda84b54543a982261041?fr=lemma&ct=single,45
黄公望,中国,1269,1358,"黄公望（1269年—1354或1358年），元代画家。自称浙东平阳人。陶宗仪《辍耕录》称其“本姓陆”，出继温州平阳黄氏为义子，因改姓黄，名公望，字子久，号一峰、大痴道人等。 [1-2] 
黄公望曾为中台察院掾吏，一度入狱；后入全真教，往来杭州、松江等地卖卜。工书法，通音律，善诗词散曲。尤擅画山水，得赵孟頫指授，宗法董源、巨然、荆浩、关仝、李成等。水墨、浅绛俱作，以草籀奇字法入画，气势雄秀，笔简而神完，自成一家，得“峰峦浑厚，草木华滋”之评。名列“元四家”（黄公望、吴镇、倪瓒、王蒙）之首。传世画作有《富春山居图》《水阁清幽图》《天池石壁图》《九峰雪霁图》《富春大岭图》等。著有画论《写山水诀》。",https://baike.baidu.com/pic/%E9%BB%84%E5%85%AC%E6%9C%9B/1601756/1/0b46f21fbe096b633ee418a107338744eaf8ac46?fr=lemma&ct=single,46
王蒙,中国,1308,1385,"王蒙（1308－1385年），字叔明，号黄鹤山樵、香光居士，吴兴（今浙江湖州）人。元朝画家。赵孟頫外孙。
元末弃官，隐居杭州黄鹤山（今浙江杭州临平），自号“黄鹤山樵”，直至晚年才下山出仕，于明初任山东泰安知州。洪武十八年（1385年），因“胡惟庸案”牵累，死于狱中。 [1] 
王蒙与黄公望、吴镇、倪瓒合称“元四家”。其山水画受到赵孟頫影响，师法董源、巨然，集诸家之长自创风格。作品以繁密见胜，重峦叠嶂，长松茂树，气势充沛，变化多端；喜用解索皴和牛毛皴，干湿互用，寄秀润清新于厚重浑穆之中；苔点多焦墨渴笔，顺势而下。兼攻人物、墨竹，并擅行楷。存世作品有《青卞隐居图》《葛稚川移居图》《夏山高隐图》《丹山瀛海图》《太白山图》等。",https://baike.baidu.com/pic/%E7%8E%8B%E8%92%99/2069307/0/2fdda3cc7cd98d10206e77be2a3fb80e7aec9082?fr=lemma&ct=single,47
任仁发,中国,1254,1327,"任仁发（1254—1327）字子明，一字子垚，号月山，青浦（今属上海市）人。元代画家、水利家，书学李北海，画学李公麟。擅长人物画，所画人物笔墨苍润，生动传神。
2016年12月4日，任仁发画作《五王醉归图》卷亮相拍场，最终以3.036亿元成交。保利拍卖执行董事赵旭在接受采访时表示，该作品“成交价创今年中国艺术品在全球的最高成交纪录”。",https://baike.baidu.com/pic/%E4%BB%BB%E4%BB%81%E5%8F%91/3856154/1/55e736d12f2eb93811ecb8f1d7628535e5dd6f34?fr=lemma&ct=single,48
柯九思,中国,1290,1343,"柯九思（1290—1343），字敬仲，号丹丘、丹丘生、五云阁吏，台州仙居（今浙江仙居县）人。其父柯谦，曾任翰林国史检阅、江浙儒学提举，是元朝仙居较为显扬的一个官宦。大德元年（1297），随父迁居钱塘（今杭州）。
柯九思博学能诗文；善书，四体八法俱能起雅去俗。素有诗、书、画三绝之称。他的绘画以“神似”著称，擅画竹，并受赵孟頫影响，主张以书入画，曾自云：“写干用篆法，枝用草书法，写叶用八分，或用鲁公撇笔法，木石用折钗股、屋漏痕之遗意。”柯九思多藏魏晋人书法，如晋人书《曹娥诗》，也有部分宋人的精品，如苏轼《天际乌云帖》、黄庭坚《动静帖》等，经他鉴定的书画名迹流传至今者颇多。
他的书法于欧阳询笔法之外融入魏晋人之韵，结体严整，字体恬和雅逸，雄厚重中见挺拔之秀气，深受赵孟頫推崇尚晋人书法观的影响。正如清人王文治所说：“丹邱书体仿效率更父子，力求劲拔，乃—望而知为元人书，时代为也。”行楷是其所长，他的存世书迹有《老人星赋》《读诛蚊赋诗》《重题兰亭独孤本》等。",https://baike.baidu.com/pic/%E6%9F%AF%E4%B9%9D%E6%80%9D/2108846/0/b219ebc4b74543a96898c5bf14178a82b80114c5?fr=lemma&ct=single,49
赵雍,中国,1289,1369,"赵雍（1289年－1369年），字仲穆，吴兴（今浙江湖州）人。元代书画家。赵孟頫之子。
父赵孟頫为故元翰林学士承旨，赠荣禄大夫，江浙等处中书省平章政事，赠魏国公，诣文敏。母管道升，赠魏国夫人。赵雍以父荫入仕，官至集贤待制、同知湖州路总管府事。书画继承家学，赵孟頫尝为幻住庵写金刚经未半，雍足成之，其联续处人莫能辨。配刘氏，封归安县君，三子，凤，麟，燕；一女淑瑞，适钱塘崔复。
擅山水，尤精人物鞍马，亦作界画。书善正、行、草，亦长篆书。精鉴赏。传世作品有《兰竹图》、《溪山渔隐》、《饮中八仙图》等。",https://baike.baidu.com/pic/%E8%B5%B5%E9%9B%8D/8637/0/6159252dd42a28343421525f59b5c9ea14cebfda?fr=lemma&ct=single,50
张珪,中国,1156,1161,张珪，正隆（1156—1161）间卫州（今卫辉）人，工画人物，形貌端正，衣裙清劲，笔法从战掣中来，尤极生动。勾勒直欲驾轶前辈。事见《图绘宝鉴》、《画史会要》、《绘事备考》,https://baike.baidu.com/pic/%E5%BC%A0%E7%8F%AA/31602/0/18d8bc3eb13533fa47eb4536afd3fd1f41345b4d?fr=lemma&ct=single,51
文伯仁,中国,1502,1575,文伯仁（1502---1575）明代画家，字德承，号五峰、摄山长、葆生、摄山老农、五峰山人、五峰樵客，汉族，湖广衡山人，系籍长州（今江苏苏州）。文徵明侄子。,https://baike.baidu.com/pic/%E6%96%87%E4%BC%AF%E4%BB%81/3776261/0/6d81800a19d8bc3ef8265091838ba61ea8d345ba?fr=lemma&ct=single,52
董其昌,中国,1555,1636,董其昌（1555年2月10日—1636年10月26日），字玄宰，号思白，别号香光居士，松江华亭（今上海市）人。明朝后期大臣，书画家。,https://baike.baidu.com/pic/%E8%91%A3%E5%85%B6%E6%98%8C/1188668/0/6f061d950a7b0208f9d190d064d9f2d3572cc8e3?fr=lemma&ct=single,53
崔子忠,中国,1594,1644,崔子忠，1644年逝世，明画家，初名丹，字开予：改名子忠，字道母，号北海，青蚓（一作青引），生员，曾游董其昌之门，李自成克北京后，绝食死。,https://baike.baidu.com/pic/%E5%B4%94%E5%AD%90%E5%BF%A0/2150222/0/a8ec8a13632762d08b493fa3a2ec08fa513dc6b3?fr=lemma&ct=single,54
沈周,中国,1427,1509,沈周（1427—1509），字启南，号石田、白石翁、玉田生、有竹居主人，长洲（今江苏苏州）人。明代绘画大师，吴门画派的创始人，明四家之一。,https://baike.baidu.com/pic/%E6%B2%88%E5%91%A8/80891/1/0e655ca7468cfdd8d0435829?fr=lemma&ct=single,55
王绂,中国,1362,1416,王绂， 明初大画家，字孟端，号友石生，别号九龙山人。元至正二十二年(1362年)五月三日生，无锡人。幼年聪明好学，10岁已能作诗，15岁游学邑庠为弟子员。他尤喜绘画，曾师法吴镇、王蒙、倪瓒等画坛大家。明洪武十一年(1378年)被征召进京，不久便回乡隐居。洪武二十三年(1390年)后，因朝廷追究左相胡惟庸逆党事被累，发放到山西大同充当戌卒10余年。建文二年(1400年)回乡，隐居九龙山(即惠山)，赋诗作画，教授弟子。,https://baike.baidu.com/pic/%E7%8E%8B%E7%BB%82/3768701/0/4bed2e738bd4b31cc9c563a785d6277f9e2ff835?fr=lemma&ct=single,56
仇英,中国,1497,1552,仇英（约1497-1552）字实父，号十洲，原籍江苏太仓，后移居苏州。 [1]  中国明代绘画大师，明四家之一。,https://baike.baidu.com/pic/%E4%BB%87%E8%8B%B1/18027/1/0824ab18972bd40735bc30df70899e510fb3099c?fr=lemma&ct=single,57
文徵明,中国,1470,1559,文徵明（1470年11月28日－1559年3月28日），原名壁（或作璧），字徵明，四十二岁起，以字行，更字徵仲。因先世为衡山人，故号衡山居士，世称“文衡山”。南直隶苏州府长洲县（今江苏苏州）人。明代画家、书法家、文学家、鉴藏家。,https://baike.baidu.com/pic/%E6%96%87%E5%BE%B5%E6%98%8E/1332518/0/060828381f30e9244ea4b22646086e061d95f7a1?fr=lemma&ct=single,58
唐寅,中国,1470,1524,唐寅（1470年3月6日－1524年1月7日），字伯虎，小字子畏，号六如居士，南直隶苏州府吴县（今江苏省苏州市）人，祖籍凉州晋昌郡。明朝著名画家、书法家、诗人。,https://baike.baidu.com/pic/%E5%94%90%E5%AF%85/22587/1/7a899e510fb30f24fe1fc559c795d143ac4b03e6?fr=lemma&ct=single,59
夏昶,中国,1388,1470,夏昶（1388—1470），字仲昭，号自在居士、玉峰，昆山人，后人誉其画竹高手。他初姓朱，名昶，后复姓夏，太祖为之更名昶，字仲昭。号自在居士，又号玉峯，江苏昆山人，夏昺弟。正统中官至太常寺卿直内阁。画墨竹师王绂，能得其妙，时推第一，名驰绝域，争以金购之。,https://baike.baidu.com/pic/%E5%A4%8F%E6%98%B6/4270697/0/377adab44aed2e73ffb220b18e01a18b86d6fad0?fr=lemma&ct=single,60
蓝瑛,中国,1585,1664,蓝瑛（1585-1664），一说（1585-约1666），明代杰出画家，字田叔，号蝶叟，晚号石头陀、山公、万篆阿主者、西湖研民，又号东郭老农，所居榜额曰“城曲茅堂” ，钱塘（今浙江杭州）人，是浙派后期代表画家之一。,https://baike.baidu.com/pic/%E8%93%9D%E7%91%9B/1601563/0/a08b87d6277f9e2fb48d71f71430e924b999f391?fr=lemma&ct=single,61
孙克弘,中国,1532,1611,孙克弘（1532—1611） [1]  ，明书画家、藏书家。一作克宏，字允执，号雪居，松江（今属上海市）人。礼部尚书孙承恩子。以荫授应天治中，官至汉阳知府。生性巧慧，声音洪亮，状貌疏野。所居四壁皆画苍松老柏，崩浪流泉，有一种澄泓萧瑟之意萦绕其间。他喜交友，陈继儒谓其“好客之癖，闻于江东，履綦如云，谈笑生风，坐上酒尊，老而不空”。卒年八十（一作七十九）。,https://baike.baidu.com/pic/%E5%AD%99%E5%85%8B%E5%BC%98/3863014/0/0db52fad599aba454a36d667?fr=lemma&ct=single,62
赵左,中国,1573,1644,赵左（1573—1644）左一作佐，字文度。活跃于明代后期。万历、崇祯时华亭（今上海松江）人。,https://baike.baidu.com/pic/%E8%B5%B5%E5%B7%A6/2461734/0/bf096b63f6246b60ad252203e9f81a4c510fa29a?fr=lemma&ct=single,63
张瑞图,中国,1570,1644,张瑞图（1570年-1644年），字长公、无画，号二水、果亭山人、芥子、白毫庵主、白毫庵主道人、平等居士等；汉族，明代画家，晋江二十七都下行乡（福建省晋江市青阳下行乡）人。,https://baike.baidu.com/pic/%E5%BC%A0%E7%91%9E%E5%9B%BE/1939943/0/d000baa1cd11728bc0268450cafcc3cec3fd2cbc?fr=lemma&ct=single,64
方维仪,中国,1585,1668,方维仪（1585—1668），字仲贤，安徽桐城人（今桐城市区凤仪里人）。明末著名女诗人、画家，所作有《清芬阁集》， 又辑历代妇女作品为《宫闺诗史》。其绘画师法宋代李公麟，尤擅长绘释道人物。特别是白描《观音大士图》形神兼备，许多人争相收藏,https://baike.baidu.com/pic/%E6%96%B9%E7%BB%B4%E4%BB%AA/3617322/0/a6c7d717e15f6e63c83d6d68?fr=lemma&ct=single,65
陆治,中国,1496,1576,陆治（1496－1576），字叔平，明代画家。吴县（今江苏苏州）人，因居包山，自号包山。倜傥嗜义，以孝友称。,https://baike.baidu.com/pic/%E9%99%86%E6%B2%BB/2597509/0/0823dd54564e925801707f0a9482d158cdbf4e8a?fr=lemma&ct=single,66
程嘉燧,中国,1565,1643,程嘉燧（1565～1643）明代书画家、诗人。字孟阳，号松圆、偈庵，又号松圆老人、松圆道人、偈庵居士、偈庵老人、偈庵道人。,https://baike.baidu.com/pic/%E7%A8%8B%E5%98%89%E7%87%A7/11008822/0/b0742dfa1eeb5956a8d3118e?fr=lemma&ct=single,67
丁云鹏,中国,1547,1628,丁云鹏是中国明代画家，于1547年出生，字南羽，号圣华居士，安徽休宁人。,https://baike.baidu.com/pic/%E4%B8%81%E4%BA%91%E9%B9%8F/3546999/1/9f2f070828381f3003d696d9ab014c086f06f0f7?fr=lemma&ct=single,68
谢时臣,中国,1487,1567,谢时臣，明代画家，字思忠，号樗仙，吴（今江苏省苏州市）人。谢时臣工山水，师法吴镇， 得沈周笔意而稍变。多作长卷巨幛，峰峦雄伟。尤善画水，江河湖海，种种皆妙。笔墨纵横自如，富有气势，介乎戴进和沈周之间。唯刻画不 够精微，殊少秀韵。,https://baike.baidu.com/pic/%E8%B0%A2%E6%97%B6%E8%87%A3/1409968/0/1f178a82b9014a9051df28a0ab773912b21beece?fr=lemma&ct=single,69
周臣,中国,1460,1535,周臣（1460–1535），字舜卿，号东村，中国明代著名画家。吴（今江苏苏州）人。擅画。,https://baike.baidu.com/pic/%E5%91%A8%E8%87%A3/1187918/0/a044ad345982b2b74d12dcd833adcbef76099b19?fr=lemma&ct=single,70
李流芳,中国,1575,1629,李流芳（1575～1629年），字长蘅，一字茂宰，号檀园、香海、古怀堂、沧庵，晚号慎娱居士、六浮道人，南直隶徽州歙县（今安徽歙县）人，侨居嘉定（今上海嘉定），明代诗人、书画家。,https://baike.baidu.com/pic/%E6%9D%8E%E6%B5%81%E8%8A%B3/4212614/0/0eb30f2442a7d933b9f1be3ea44bd11373f00125?fr=lemma&ct=single,71
陈道复,中国,1483,1544,陈淳（1483年—1544年），字道复，后以字行，更字复甫，号白阳，又号白阳山人，长洲（今江苏苏州）人，明代绘画大师。,https://baike.baidu.com/pic/%E9%99%88%E6%B7%B3/9708062/1/2e2eb9389b504fc2d5626ea36495f01190ef76c6c776?fr=lemma&ct=single,72
项圣谟,中国,1597,1658,项圣谟，字逸，后字孔彰，浙江嘉兴人。为明末著名书画收藏家和画家。 [1],https://baike.baidu.com/pic/%E9%A1%B9%E5%9C%A3%E8%B0%9F/3282720/1/a08b87d6277f9e2fc0526ecf1530e924b999f396?fr=lemma&ct=single,73
桑德罗·波提切利,意大利,1445,1510,桑德罗·波提切利（1445 - 1510年5月17日）是意大利早期文艺复兴时期的画家。,https://www.youhuadaquan.org/artist-photo/48.jpg,74
